detail_url,build_year,energy_class,operating_cost_sek_per_year,monthly_fee_sek,ownership_type,latitude,longitude,days_on_market,has_detail_data,detail_source_text
https://www.booli.se/bostad/3377643,1978,,,,,57.725615,12.089488,,yes,"Slutpris Radhus på Kullegärdet 48, Södra Sävedalen, Partille – Booli Gå till innehåll Sök bostad Värdera Hitta mäklare Mäklarmatchning Sök mäklare Mäklarbyråer Sälja bostad på Booli Skaffa kunskap Slutpris Såld på förhand Kullegärdet 48 Radhus · Södra Sävedalen · Partille Slutpris 6 600 000 kr Boarea 132 m² Rum 5 rum Tomtarea 175 m² Byggår 1978 Uteplats Ansvarig mäklare Om försäljningen Slutpriset blev 6 600 000 kr Såld eller borttagen 2026-05-18 Slutpriset per kvadratmeter var 50 000 kr/m² Om slutpris Om bostaden Uppgifter från försäljningen 2026-05-18 : Det här radhuset är en äganderätt Driftskostnaden är 4 800 kr/mån Bostaden var snart till salu i 10 dagar Annons Betalar du onödigt mycket i ränta? Här kan du enkelt kolla om du skulle kunna få en bättre ränta hos SBAB! Jämför din ränta direkt! Karta Kullegärdet 48, Södra Sävedalen, Partille Laddar... Annons Påverka dina boendekostnader Annons Går du i säljtankar? Med vår matchningstjänst kan du gratis hitta en mäklare som är expert på just ditt område och din bostad. Skaffa mer kunskap Vill du enkelt hålla koll på bostadsmarknaden? Här har vi har samlat artiklar och kunskap – oavsett om du ska köpa, sälja eller bo. Till artiklarna Vill du se fler radhus i området? Västra Götalands län Partille kommun Kullegärdet Bostadens säljhistorik Försäljningar i närheten Tjänster Bostadssök Bostadsvärdering Kunskap Räntekartan Booli Pro Bannerannonsering För mäklare Sälja bostad Mäklare i Stockholm Mäklare i Göteborg Mäklare i Malmö Alla mäklarbyråer Alla mäklare Mäklararvoden Mäklarmatchning Om oss Om Booli Press Jobba här Kontakt Vanliga frågor Integritet Användarvillkor Integritetspolicy Om GDPR Cookies Cookieinställningar Ladda ned Google Play App Store Booli är en bostadssajt och en mäklarguide där du hittar Sveriges största samlade utbud av bostäder till salu, slutpriser och värderar din bostad. Vi är en del av SBAB:s trygga och enkla tjänster för bolån och boendeekonomi. Ansvarig utgivare: Sebastian Wickert. © 2026 Boo"
https://www.booli.se/bostad/3368656,1976,,,,,57.74179,12.080407,,yes,"Slutpris Radhus på Jennyhillsvägen 6, Mellby, Partille – Booli Gå till innehåll Sök bostad Värdera Hitta mäklare Mäklarmatchning Sök mäklare Mäklarbyråer Sälja bostad på Booli Skaffa kunskap 1 / 5 Slutpris Såld på förhand Jennyhillsvägen 6 Radhus · Mellby · Partille Slutpris 4 640 000 kr Boarea 121 m² Biarea 2 m² Rum 5 rum Tomtarea 152 m² Byggår 1976 Ansvarig mäklare Om försäljningen Slutpriset blev 4 640 000 kr Såld eller borttagen 2026-04-14 Slutpriset per kvadratmeter var 38 300 kr/m² Om slutpris Om bostaden Uppgifter från försäljningen 2026-04-14 : Det här radhuset är en äganderätt Driftskostnaden är 3 374 kr/mån Bostaden var snart till salu i 25 dagar Annons Betalar du onödigt mycket i ränta? Här kan du enkelt kolla om du skulle kunna få en bättre ränta hos SBAB! Jämför din ränta direkt! Karta Jennyhillsvägen 6, Mellby, Partille Laddar... Annons Påverka dina boendekostnader Annons Går du i säljtankar? Med vår matchningstjänst kan du gratis hitta en mäklare som är expert på just ditt område och din bostad. Skaffa mer kunskap Vill du enkelt hålla koll på bostadsmarknaden? Här har vi har samlat artiklar och kunskap – oavsett om du ska köpa, sälja eller bo. Till artiklarna Vill du se fler radhus i området? Västra Götalands län Partille kommun Jennyhillsvägen Bostadens säljhistorik Försäljningar i närheten Tjänster Bostadssök Bostadsvärdering Kunskap Räntekartan Booli Pro Bannerannonsering För mäklare Sälja bostad Mäklare i Stockholm Mäklare i Göteborg Mäklare i Malmö Alla mäklarbyråer Alla mäklare Mäklararvoden Mäklarmatchning Om oss Om Booli Press Jobba här Kontakt Vanliga frågor Integritet Användarvillkor Integritetspolicy Om GDPR Cookies Cookieinställningar Ladda ned Google Play App Store Booli är en bostadssajt och en mäklarguide där du hittar Sveriges största samlade utbud av bostäder till salu, slutpriser och värderar din bostad. Vi är en del av SBAB:s trygga och enkla tjänster för bolån och boendeekonomi. Ansvarig utgivare: Sebastian Wickert. © 2026 Booli Se"
https://www.booli.se/bostad/1781082,2020,,,,,57.73571794,12.12965405,,yes,"Slutpris Villa på Måndalsvägen 2, Furuskog, Partille – Booli Gå till innehåll Sök bostad Värdera Hitta mäklare Mäklarmatchning Sök mäklare Mäklarbyråer Sälja bostad på Booli Skaffa kunskap Slutpris Måndalsvägen 2 Villa · Furuskog · Partille Slutpris 7 400 000 kr Boarea 158 m² Rum 6 rum Tomtarea 739 m² Byggår 2020 Ansvarig mäklare Om försäljningen Slutpriset blev 7 400 000 kr Utropspriset var 7 495 000 kr Prisutvecklingen blev -95 000 kr (-1,3%) Såld eller borttagen 2026-03-20 Slutpriset per kvadratmeter var 46 800 kr/m² Om slutpris Om bostaden Uppgifter från försäljningen 2026-03-20 : Den här villan är en äganderätt Driftskostnaden är 2 546 kr/mån Bostaden var till salu i 21 dagar Annons Betalar du onödigt mycket i ränta? Här kan du enkelt kolla om du skulle kunna få en bättre ränta hos SBAB! Jämför din ränta direkt! Karta Måndalsvägen 2, Furuskog, Partille Laddar... Annons Påverka dina boendekostnader Annons Går du i säljtankar? Med vår matchningstjänst kan du gratis hitta en mäklare som är expert på just ditt område och din bostad. Skaffa mer kunskap Vill du enkelt hålla koll på bostadsmarknaden? Här har vi har samlat artiklar och kunskap – oavsett om du ska köpa, sälja eller bo. Till artiklarna Vill du se fler villor i området? Västra Götalands län Partille kommun Måndalsvägen Bostadens säljhistorik Försäljningar i närheten Tjänster Bostadssök Bostadsvärdering Kunskap Räntekartan Booli Pro Bannerannonsering För mäklare Sälja bostad Mäklare i Stockholm Mäklare i Göteborg Mäklare i Malmö Alla mäklarbyråer Alla mäklare Mäklararvoden Mäklarmatchning Om oss Om Booli Press Jobba här Kontakt Vanliga frågor Integritet Användarvillkor Integritetspolicy Om GDPR Cookies Cookieinställningar Ladda ned Google Play App Store Booli är en bostadssajt och en mäklarguide där du hittar Sveriges största samlade utbud av bostäder till salu, slutpriser och värderar din bostad. Vi är en del av SBAB:s trygga och enkla tjänster för bolån och boendeekonomi. Ansvarig utgivare: Sebastian Wic"
https://www.booli.se/bostad/3380873,1947,,,,,57.72781354,12.06520369,,yes,"Slutpris Villa på Västra Fjällvägen 38, Ugglum, Partille – Booli Gå till innehåll Sök bostad Värdera Hitta mäklare Mäklarmatchning Sök mäklare Mäklarbyråer Sälja bostad på Booli Skaffa kunskap Lagfart Västra Fjällvägen 38 Villa · Ugglum · Partille Lagfart 8 250 000 kr Boarea 130 m² Biarea 75 m² Rum 7 rum Tomtarea 660 m² Byggår 1947 Ansvarig mäklare Om försäljningen Lagfarten blev 8 250 000 kr Utropspriset var 8 475 000 kr Prisutvecklingen blev -225 000 kr (-2,7%) Såld eller borttagen 2025-10-12 Lagfart utfärdades 2026-02-18 Slutpriset per kvadratmeter var 63 500 kr/m² Om lagfart Om bostaden Uppgifter från försäljningen 2025-10-12 : Den här villan är en äganderätt Driftskostnaden är 3 532 kr/mån Bostaden var till salu i 46 dagar Annons Betalar du onödigt mycket i ränta? Här kan du enkelt kolla om du skulle kunna få en bättre ränta hos SBAB! Jämför din ränta direkt! Karta Västra Fjällvägen 38, Ugglum, Partille Laddar... Annons Påverka dina boendekostnader Annons Går du i säljtankar? Med vår matchningstjänst kan du gratis hitta en mäklare som är expert på just ditt område och din bostad. Skaffa mer kunskap Vill du enkelt hålla koll på bostadsmarknaden? Här har vi har samlat artiklar och kunskap – oavsett om du ska köpa, sälja eller bo. Till artiklarna Vill du se fler villor i området? Västra Götalands län Partille kommun Västra Fjällvägen Bostadens säljhistorik Försäljningar i närheten Tjänster Bostadssök Bostadsvärdering Kunskap Räntekartan Booli Pro Bannerannonsering För mäklare Sälja bostad Mäklare i Stockholm Mäklare i Göteborg Mäklare i Malmö Alla mäklarbyråer Alla mäklare Mäklararvoden Mäklarmatchning Om oss Om Booli Press Jobba här Kontakt Vanliga frågor Integritet Användarvillkor Integritetspolicy Om GDPR Cookies Cookieinställningar Ladda ned Google Play App Store Booli är en bostadssajt och en mäklarguide där du hittar Sveriges största samlade utbud av bostäder till salu, slutpriser och värderar din bostad. Vi är en del av SBAB:s trygga och enkla tjänster för "
https://www.booli.se/bostad/3362690,1981,,,,,57.71819427,12.12951751,,yes,"Slutpris Villa på Sämjovägen 30, Furulund, Partille – Booli Gå till innehåll Sök bostad Värdera Hitta mäklare Mäklarmatchning Sök mäklare Mäklarbyråer Sälja bostad på Booli Skaffa kunskap Slutpris Sämjovägen 30 Villa · Furulund · Partille Slutpris 6 400 000 kr Boarea 145 m² Biarea 115 m² Rum 6 rum Tomtarea 835 m² Byggår 1981 Balkong Ansvarig mäklare Om försäljningen Slutpriset blev 6 400 000 kr Utropspriset var 6 900 000 kr Prisutvecklingen blev -500 000 kr (-7,2%) Såld eller borttagen 2026-01-27 Slutpriset per kvadratmeter var 44 100 kr/m² Om slutpris Om bostaden Uppgifter från försäljningen 2026-01-27 : Den här villan är en äganderätt Driftskostnaden är 2 279 kr/mån Bostaden var till salu i 34 dagar Annons Betalar du onödigt mycket i ränta? Här kan du enkelt kolla om du skulle kunna få en bättre ränta hos SBAB! Jämför din ränta direkt! Karta Sämjovägen 30, Furulund, Partille Laddar... Annons Påverka dina boendekostnader Annons Går du i säljtankar? Med vår matchningstjänst kan du gratis hitta en mäklare som är expert på just ditt område och din bostad. Skaffa mer kunskap Vill du enkelt hålla koll på bostadsmarknaden? Här har vi har samlat artiklar och kunskap – oavsett om du ska köpa, sälja eller bo. Till artiklarna Vill du se fler villor i området? Västra Götalands län Partille kommun Sämjovägen Bostadens säljhistorik Försäljningar i närheten Tjänster Bostadssök Bostadsvärdering Kunskap Räntekartan Booli Pro Bannerannonsering För mäklare Sälja bostad Mäklare i Stockholm Mäklare i Göteborg Mäklare i Malmö Alla mäklarbyråer Alla mäklare Mäklararvoden Mäklarmatchning Om oss Om Booli Press Jobba här Kontakt Vanliga frågor Integritet Användarvillkor Integritetspolicy Om GDPR Cookies Cookieinställningar Ladda ned Google Play App Store Booli är en bostadssajt och en mäklarguide där du hittar Sveriges största samlade utbud av bostäder till salu, slutpriser och värderar din bostad. Vi är en del av SBAB:s trygga och enkla tjänster för bolån och boendeekonomi. Ansvarig utgiv"
https://www.booli.se/bostad/4075715,2018,,,,,57.6831583,12.10318057,,yes,"Slutpris Villa på Lilla Hålsjövägen 3, Partille – Booli Gå till innehåll Sök bostad Värdera Hitta mäklare Mäklarmatchning Sök mäklare Mäklarbyråer Sälja bostad på Booli Skaffa kunskap Lagfart Lilla Hålsjövägen 3 Villa · Partille kommun · Partille Lagfart 11 250 000 kr Boarea 159 m² Biarea 50 m² Tomtarea 1 070 m² Byggår 2018 Ansvarig mäklare Om försäljningen Lagfarten blev 11 250 000 kr Lagfart utfärdades 2025-12-15 Slutpriset per kvadratmeter var 70 800 kr/m² Om lagfart Om bostaden Uppgifter från försäljningen 2025-12-15 : Den här villan är en äganderätt Annons Betalar du onödigt mycket i ränta? Här kan du enkelt kolla om du skulle kunna få en bättre ränta hos SBAB! Jämför din ränta direkt! Karta Lilla Hålsjövägen 3, Partille kommun, Partille Laddar... Annons Påverka dina boendekostnader Annons Går du i säljtankar? Med vår matchningstjänst kan du gratis hitta en mäklare som är expert på just ditt område och din bostad. Skaffa mer kunskap Vill du enkelt hålla koll på bostadsmarknaden? Här har vi har samlat artiklar och kunskap – oavsett om du ska köpa, sälja eller bo. Till artiklarna Vill du se fler villor i området? Västra Götalands län Partille kommun Lilla Hålsjövägen Bostadens säljhistorik Försäljningar i närheten Tjänster Bostadssök Bostadsvärdering Kunskap Räntekartan Booli Pro Bannerannonsering För mäklare Sälja bostad Mäklare i Stockholm Mäklare i Göteborg Mäklare i Malmö Alla mäklarbyråer Alla mäklare Mäklararvoden Mäklarmatchning Om oss Om Booli Press Jobba här Kontakt Vanliga frågor Integritet Användarvillkor Integritetspolicy Om GDPR Cookies Cookieinställningar Ladda ned Google Play App Store Booli är en bostadssajt och en mäklarguide där du hittar Sveriges största samlade utbud av bostäder till salu, slutpriser och värderar din bostad. Vi är en del av SBAB:s trygga och enkla tjänster för bolån och boendeekonomi. Ansvarig utgivare: Sebastian Wickert. © 2026 Booli Search Technologies AB."
https://www.booli.se/bostad/3374175,1981,,,,,57.7306907,12.12873119,,yes,"Slutpris Radhus på Hemmansvägen 23, Furuskog, Partille – Booli Gå till innehåll Sök bostad Värdera Hitta mäklare Mäklarmatchning Sök mäklare Mäklarbyråer Sälja bostad på Booli Skaffa kunskap Lagfart Hemmansvägen 23 Radhus · Furuskog · Partille Lagfart 4 850 000 kr Boarea 146 m² Biarea 48 m² Rum 5 rum Tomtarea 144 m² Byggår 1981 Balkong Uteplats Ansvarig mäklare Om försäljningen Lagfarten blev 4 850 000 kr Första utropspriset var 5 150 000 kr Prisutvecklingen blev -300 000 kr (-5,8%) Såld eller borttagen 2025-06-27 Lagfart utfärdades 2025-11-04 Slutpriset per kvadratmeter var 33 200 kr/m² Om lagfart Om bostaden Uppgifter från försäljningen 2025-06-27 : Det här radhuset är en äganderätt Driftskostnaden är 2 735 kr/mån Bostaden var till salu i 46 dagar Annons Betalar du onödigt mycket i ränta? Här kan du enkelt kolla om du skulle kunna få en bättre ränta hos SBAB! Jämför din ränta direkt! Karta Hemmansvägen 23, Furuskog, Partille Laddar... Annons Påverka dina boendekostnader Annons Går du i säljtankar? Med vår matchningstjänst kan du gratis hitta en mäklare som är expert på just ditt område och din bostad. Skaffa mer kunskap Vill du enkelt hålla koll på bostadsmarknaden? Här har vi har samlat artiklar och kunskap – oavsett om du ska köpa, sälja eller bo. Till artiklarna Vill du se fler radhus i området? Västra Götalands län Partille kommun Hemmansvägen Bostadens säljhistorik Försäljningar i närheten Tjänster Bostadssök Bostadsvärdering Kunskap Räntekartan Booli Pro Bannerannonsering För mäklare Sälja bostad Mäklare i Stockholm Mäklare i Göteborg Mäklare i Malmö Alla mäklarbyråer Alla mäklare Mäklararvoden Mäklarmatchning Om oss Om Booli Press Jobba här Kontakt Vanliga frågor Integritet Användarvillkor Integritetspolicy Om GDPR Cookies Cookieinställningar Ladda ned Google Play App Store Booli är en bostadssajt och en mäklarguide där du hittar Sveriges största samlade utbud av bostäder till salu, slutpriser och värderar din bostad. Vi är en del av SBAB:s trygga och enkla"
https://www.booli.se/bostad/4069445,2018,,,,,57.68324849,12.10084106,,yes,"Slutpris Villa på Agda Helins väg 9, Öjersjö, Partille – Booli Gå till innehåll Sök bostad Värdera Hitta mäklare Mäklarmatchning Sök mäklare Mäklarbyråer Sälja bostad på Booli Skaffa kunskap Lagfart Agda Helins väg 9 Villa · Öjersjö · Partille Lagfart 7 820 000 kr Boarea 138 m² Biarea 0 m² Rum 6 rum Tomtarea 318 m² Byggår 2018 Uteplats Ansvarig mäklare Om försäljningen Lagfarten blev 7 820 000 kr Utropspriset var 7 795 000 kr Prisutvecklingen blev +25 000 kr (+0,3%) Såld eller borttagen 2025-05-03 Lagfart utfärdades 2025-09-30 Slutpriset per kvadratmeter var 56 700 kr/m² Om lagfart Om bostaden Uppgifter från försäljningen 2025-05-03 : Den här villan är en äganderätt Driftskostnaden är 3 025 kr/mån Bostaden var till salu i 15 dagar Annons Betalar du onödigt mycket i ränta? Här kan du enkelt kolla om du skulle kunna få en bättre ränta hos SBAB! Jämför din ränta direkt! Karta Agda Helins väg 9, Öjersjö, Partille Laddar... Annons Påverka dina boendekostnader Annons Går du i säljtankar? Med vår matchningstjänst kan du gratis hitta en mäklare som är expert på just ditt område och din bostad. Skaffa mer kunskap Vill du enkelt hålla koll på bostadsmarknaden? Här har vi har samlat artiklar och kunskap – oavsett om du ska köpa, sälja eller bo. Till artiklarna Vill du se fler villor i området? Västra Götalands län Partille kommun Agda Helins väg Bostadens säljhistorik Försäljningar i närheten Tjänster Bostadssök Bostadsvärdering Kunskap Räntekartan Booli Pro Bannerannonsering För mäklare Sälja bostad Mäklare i Stockholm Mäklare i Göteborg Mäklare i Malmö Alla mäklarbyråer Alla mäklare Mäklararvoden Mäklarmatchning Om oss Om Booli Press Jobba här Kontakt Vanliga frågor Integritet Användarvillkor Integritetspolicy Om GDPR Cookies Cookieinställningar Ladda ned Google Play App Store Booli är en bostadssajt och en mäklarguide där du hittar Sveriges största samlade utbud av bostäder till salu, slutpriser och värderar din bostad. Vi är en del av SBAB:s trygga och enkla tjänster för b"
https://www.booli.se/bostad/3368569,1960,,,,,57.74207938,12.08125724,,yes,"Slutpris Radhus på Jennyhillsvägen 3E, Mellby, Partille – Booli Gå till innehåll Sök bostad Värdera Hitta mäklare Mäklarmatchning Sök mäklare Mäklarbyråer Sälja bostad på Booli Skaffa kunskap Lagfart Jennyhillsvägen 3E Radhus · Mellby · Partille Lagfart 4 620 000 kr Boarea 121 m² Biarea 2 m² Rum 6 rum Tomtarea 173 m² Byggår 1960 Ansvarig mäklare Om försäljningen Lagfarten blev 4 620 000 kr Utropspriset var 4 795 000 kr Prisutvecklingen blev -175 000 kr (-3,6%) Såld eller borttagen 2025-04-18 Lagfart utfärdades 2025-09-01 Slutpriset per kvadratmeter var 38 200 kr/m² Om lagfart Om bostaden Uppgifter från försäljningen 2025-04-18 : Det här radhuset är en äganderätt Driftskostnaden är 3 261 kr/mån Bostaden var till salu i 21 dagar Annons Betalar du onödigt mycket i ränta? Här kan du enkelt kolla om du skulle kunna få en bättre ränta hos SBAB! Jämför din ränta direkt! Karta Jennyhillsvägen 3E, Mellby, Partille Laddar... Annons Påverka dina boendekostnader Annons Går du i säljtankar? Med vår matchningstjänst kan du gratis hitta en mäklare som är expert på just ditt område och din bostad. Skaffa mer kunskap Vill du enkelt hålla koll på bostadsmarknaden? Här har vi har samlat artiklar och kunskap – oavsett om du ska köpa, sälja eller bo. Till artiklarna Vill du se fler radhus i området? Västra Götalands län Partille kommun Jennyhillsvägen Bostadens säljhistorik Försäljningar i närheten Tjänster Bostadssök Bostadsvärdering Kunskap Räntekartan Booli Pro Bannerannonsering För mäklare Sälja bostad Mäklare i Stockholm Mäklare i Göteborg Mäklare i Malmö Alla mäklarbyråer Alla mäklare Mäklararvoden Mäklarmatchning Om oss Om Booli Press Jobba här Kontakt Vanliga frågor Integritet Användarvillkor Integritetspolicy Om GDPR Cookies Cookieinställningar Ladda ned Google Play App Store Booli är en bostadssajt och en mäklarguide där du hittar Sveriges största samlade utbud av bostäder till salu, slutpriser och värderar din bostad. Vi är en del av SBAB:s trygga och enkla tjänster för bolån"
https://www.booli.se/bostad/3382754,1946,,,,,57.7322762,12.07589784,,yes,"Slutpris Villa på Blankavägen 44, Centrala Sävedalen, Partille – Booli Gå till innehåll Sök bostad Värdera Hitta mäklare Mäklarmatchning Sök mäklare Mäklarbyråer Sälja bostad på Booli Skaffa kunskap Lagfart Blankavägen 44 Villa · Centrala Sävedalen · Partille Lagfart 8 050 000 kr Boarea 124 m² Biarea 66 m² Rum 6 rum Tomtarea 603 m² Byggår 1946 Eldstad Uteplats Ansvarig mäklare Om försäljningen Lagfarten blev 8 050 000 kr Utropspriset var 7 500 000 kr Prisutvecklingen blev +550 000 kr (+7,3%) Såld eller borttagen 2025-03-04 Lagfart utfärdades 2025-07-22 Slutpriset per kvadratmeter var 64 900 kr/m² Om lagfart Om bostaden Uppgifter från försäljningen 2025-03-04 : Den här villan är en äganderätt Driftskostnaden är 4 370 kr/mån Bostaden var till salu i 1 dag Annons Betalar du onödigt mycket i ränta? Här kan du enkelt kolla om du skulle kunna få en bättre ränta hos SBAB! Jämför din ränta direkt! Karta Blankavägen 44, Centrala Sävedalen, Partille Laddar... Annons Påverka dina boendekostnader Annons Går du i säljtankar? Med vår matchningstjänst kan du gratis hitta en mäklare som är expert på just ditt område och din bostad. Skaffa mer kunskap Vill du enkelt hålla koll på bostadsmarknaden? Här har vi har samlat artiklar och kunskap – oavsett om du ska köpa, sälja eller bo. Till artiklarna Vill du se fler villor i området? Västra Götalands län Partille kommun Blankavägen Bostadens säljhistorik Försäljningar i närheten Tjänster Bostadssök Bostadsvärdering Kunskap Räntekartan Booli Pro Bannerannonsering För mäklare Sälja bostad Mäklare i Stockholm Mäklare i Göteborg Mäklare i Malmö Alla mäklarbyråer Alla mäklare Mäklararvoden Mäklarmatchning Om oss Om Booli Press Jobba här Kontakt Vanliga frågor Integritet Användarvillkor Integritetspolicy Om GDPR Cookies Cookieinställningar Ladda ned Google Play App Store Booli är en bostadssajt och en mäklarguide där du hittar Sveriges största samlade utbud av bostäder till salu, slutpriser och värderar din bostad. Vi är en del av SBAB:s tryg"
https://www.booli.se/bostad/3366230,1966,,,,,57.74655727,12.118228,,yes,"Slutpris Radhus på Nygårdsvägen 30F, Lexby, Partille – Booli Gå till innehåll Sök bostad Värdera Hitta mäklare Mäklarmatchning Sök mäklare Mäklarbyråer Sälja bostad på Booli Skaffa kunskap Lagfart Nygårdsvägen 30F Radhus · Lexby · Partille Lagfart 3 300 000 kr Boarea 87 m² Biarea 23 m² Rum 4 rum Tomtarea 76 m² Byggår 1966 Balkong Uteplats Ansvarig mäklare Om försäljningen Lagfarten blev 3 300 000 kr Utropspriset var 3 275 000 kr Prisutvecklingen blev +25 000 kr (+0,8%) Såld eller borttagen 2025-04-08 Lagfart utfärdades 2025-06-18 Slutpriset per kvadratmeter var 37 900 kr/m² Om lagfart Om bostaden Uppgifter från försäljningen 2025-04-08 : Det här radhuset är en äganderätt Driftskostnaden är 3 792 kr/mån Bostaden var till salu i 13 dagar Annons Betalar du onödigt mycket i ränta? Här kan du enkelt kolla om du skulle kunna få en bättre ränta hos SBAB! Jämför din ränta direkt! Karta Nygårdsvägen 30F, Lexby, Partille Laddar... Annons Påverka dina boendekostnader Annons Går du i säljtankar? Med vår matchningstjänst kan du gratis hitta en mäklare som är expert på just ditt område och din bostad. Skaffa mer kunskap Vill du enkelt hålla koll på bostadsmarknaden? Här har vi har samlat artiklar och kunskap – oavsett om du ska köpa, sälja eller bo. Till artiklarna Vill du se fler radhus i området? Västra Götalands län Partille kommun Nygårdsvägen Bostadens säljhistorik Försäljningar i närheten Tjänster Bostadssök Bostadsvärdering Kunskap Räntekartan Booli Pro Bannerannonsering För mäklare Sälja bostad Mäklare i Stockholm Mäklare i Göteborg Mäklare i Malmö Alla mäklarbyråer Alla mäklare Mäklararvoden Mäklarmatchning Om oss Om Booli Press Jobba här Kontakt Vanliga frågor Integritet Användarvillkor Integritetspolicy Om GDPR Cookies Cookieinställningar Ladda ned Google Play App Store Booli är en bostadssajt och en mäklarguide där du hittar Sveriges största samlade utbud av bostäder till salu, slutpriser och värderar din bostad. Vi är en del av SBAB:s trygga och enkla tjänster för bo"
https://www.booli.se/bostad/3367156,1961,,,,,57.74526314,12.11231381,,yes,"7 rum, 124 m² på Repstegsvägen 1 – Booli Gå till innehåll Sök bostad Värdera Hitta mäklare Mäklarmatchning Sök mäklare Mäklarbyråer Sälja bostad på Booli Skaffa kunskap Ej på marknaden Repstegsvägen 1 Radhus · Partille kommun Boarea 124 m² Biarea 60 m² Rum 7 rum Tomtarea 223 m² Byggår 1961 Ansvarig mäklare Uppgifter från försäljningen 2025-05-16 : Det här radhuset är en äganderätt Driftskostnaden är 4 092 kr/mån Annons Betalar du onödigt mycket i ränta? Här kan du enkelt kolla om du skulle kunna få en bättre ränta hos SBAB! Jämför din ränta direkt! Karta Repstegsvägen 1, Partille kommun Laddar... Annons Påverka dina boendekostnader Annons Skaffa mer kunskap Vill du enkelt hålla koll på bostadsmarknaden? Här har vi har samlat artiklar och kunskap – oavsett om du ska köpa, sälja eller bo. Till artiklarna Vill du se fler radhus i området? Västra Götalands län Partille kommun Repstegsvägen Bostadens säljhistorik Försäljningar i närheten Tjänster Bostadssök Bostadsvärdering Kunskap Räntekartan Booli Pro Bannerannonsering För mäklare Sälja bostad Mäklare i Stockholm Mäklare i Göteborg Mäklare i Malmö Alla mäklarbyråer Alla mäklare Mäklararvoden Mäklarmatchning Om oss Om Booli Press Jobba här Kontakt Vanliga frågor Integritet Användarvillkor Integritetspolicy Om GDPR Cookies Cookieinställningar Ladda ned Google Play App Store Booli är en bostadssajt och en mäklarguide där du hittar Sveriges största samlade utbud av bostäder till salu, slutpriser och värderar din bostad. Vi är en del av SBAB:s trygga och enkla tjänster för bolån och boendeekonomi. Ansvarig utgivare: Sebastian Wickert. © 2026 Booli Search Technologies AB."
https://www.booli.se/bostad/1543301,1962,,,,,57.73717905,12.1434075,,yes,"6 rum, 132 m² på Goalovsvägen 20 värderas till 5 130 000 kr – Booli Gå till innehåll Sök bostad Värdera Hitta mäklare Mäklarmatchning Sök mäklare Mäklarbyråer Sälja bostad på Booli Skaffa kunskap Ej på marknaden Goalovsvägen 20 Kedjehus · Partille kommun Se Boolis värdering Boarea 132 m² Biarea 28 m² Rum 6 rum Tomtarea 520 m² Byggår 1962 Ansvarig mäklare Uppgifter från försäljningen 2025-03-31 : Det här kedjehuset är en äganderätt Driftskostnaden är 3 392 kr/mån Annons Betalar du onödigt mycket i ränta? Här kan du enkelt kolla om du skulle kunna få en bättre ränta hos SBAB! Jämför din ränta direkt! Karta Goalovsvägen 20, Partille kommun Laddar... Annons Påverka dina boendekostnader Annons Värdering av den här bostaden Våra värderingar är statistiska och bygger på uppgifter om bostaden, prisutvecklingen och jämförbara försäljningar i området. Se vad vi baserar boolis värderingar på Skaffa mer kunskap Vill du enkelt hålla koll på bostadsmarknaden? Här har vi har samlat artiklar och kunskap – oavsett om du ska köpa, sälja eller bo. Till artiklarna Vill du se fler kedjehus i området? Västra Götalands län Partille kommun Goalovsvägen Bostadens säljhistorik Försäljningar i närheten Tjänster Bostadssök Bostadsvärdering Kunskap Räntekartan Booli Pro Bannerannonsering För mäklare Sälja bostad Mäklare i Stockholm Mäklare i Göteborg Mäklare i Malmö Alla mäklarbyråer Alla mäklare Mäklararvoden Mäklarmatchning Om oss Om Booli Press Jobba här Kontakt Vanliga frågor Integritet Användarvillkor Integritetspolicy Om GDPR Cookies Cookieinställningar Ladda ned Google Play App Store Booli är en bostadssajt och en mäklarguide där du hittar Sveriges största samlade utbud av bostäder till salu, slutpriser och värderar din bostad. Vi är en del av SBAB:s trygga och enkla tjänster för bolån och boendeekonomi. Ansvarig utgivare: Sebastian Wickert. © 2026 Booli Search Technologies AB."
https://www.booli.se/annons/5613775,2000,,,8591.0,,57.71295281,12.08102251,,yes,"4 rum, 112 m² på Brolyckan 13 – Booli Gå till innehåll Sök bostad Värdera Hitta mäklare Mäklarmatchning Sök mäklare Mäklarbyråer Sälja bostad på Booli Skaffa kunskap Ej på marknaden Brolyckan 13 Radhus · Sävedalen · Partille Boarea 112 m² Rum 4 rum Avgift 8 591 kr/mån Byggår 2000 Ansvarig mäklare Bostaden Föreningen Uppgifter från försäljningen 2025-02-19 : Det här radhuset är en bostadsrätt Den har 8 591 kr/mån i avgift Driftskostnaden är 1 100 kr/mån Lägenhetsnumret är 2213 Annons Betalar du onödigt mycket i ränta? Här kan du enkelt kolla om du skulle kunna få en bättre ränta hos SBAB! Jämför din ränta direkt! Karta Brolyckan 13, Sävedalen, Partille Laddar... Annons Påverka dina boendekostnader Annons Skaffa mer kunskap Vill du enkelt hålla koll på bostadsmarknaden? Här har vi har samlat artiklar och kunskap – oavsett om du ska köpa, sälja eller bo. Till artiklarna Vill du se fler radhus i området? Västra Götalands län Partille kommun Brolyckan HSB BRF Brolyckan Bostadens säljhistorik Försäljningar i närheten Tjänster Bostadssök Bostadsvärdering Kunskap Räntekartan Booli Pro Bannerannonsering För mäklare Sälja bostad Mäklare i Stockholm Mäklare i Göteborg Mäklare i Malmö Alla mäklarbyråer Alla mäklare Mäklararvoden Mäklarmatchning Om oss Om Booli Press Jobba här Kontakt Vanliga frågor Integritet Användarvillkor Integritetspolicy Om GDPR Cookies Cookieinställningar Ladda ned Google Play App Store Booli är en bostadssajt och en mäklarguide där du hittar Sveriges största samlade utbud av bostäder till salu, slutpriser och värderar din bostad. Vi är en del av SBAB:s trygga och enkla tjänster för bolån och boendeekonomi. Ansvarig utgivare: Sebastian Wickert. © 2026 Booli Search Technologies AB."
https://www.booli.se/bostad/3383823,1959,,,,,57.72518054,12.07764656,,yes,"4 rum, 94 m² på Hultvägen 7 värderas till 5 330 000 kr – Booli Gå till innehåll Sök bostad Värdera Hitta mäklare Mäklarmatchning Sök mäklare Mäklarbyråer Sälja bostad på Booli Skaffa kunskap Ej på marknaden Hultvägen 7 Kedjehus · Partille kommun Se Boolis värdering Boarea 94 m² Biarea 3 m² Rum 4 rum Tomtarea 475 m² Byggår 1959 Ansvarig mäklare Uppgifter från försäljningen 2025-01-02 : Det här kedjehuset är en äganderätt Driftskostnaden är 2 652 kr/mån Annons Betalar du onödigt mycket i ränta? Här kan du enkelt kolla om du skulle kunna få en bättre ränta hos SBAB! Jämför din ränta direkt! Karta Hultvägen 7, Partille kommun Laddar... Annons Påverka dina boendekostnader Annons Värdering av den här bostaden Våra värderingar är statistiska och bygger på uppgifter om bostaden, prisutvecklingen och jämförbara försäljningar i området. Se vad vi baserar boolis värderingar på Skaffa mer kunskap Vill du enkelt hålla koll på bostadsmarknaden? Här har vi har samlat artiklar och kunskap – oavsett om du ska köpa, sälja eller bo. Till artiklarna Vill du se fler kedjehus i området? Västra Götalands län Partille kommun Hultvägen Bostadens säljhistorik Försäljningar i närheten Tjänster Bostadssök Bostadsvärdering Kunskap Räntekartan Booli Pro Bannerannonsering För mäklare Sälja bostad Mäklare i Stockholm Mäklare i Göteborg Mäklare i Malmö Alla mäklarbyråer Alla mäklare Mäklararvoden Mäklarmatchning Om oss Om Booli Press Jobba här Kontakt Vanliga frågor Integritet Användarvillkor Integritetspolicy Om GDPR Cookies Cookieinställningar Ladda ned Google Play App Store Booli är en bostadssajt och en mäklarguide där du hittar Sveriges största samlade utbud av bostäder till salu, slutpriser och värderar din bostad. Vi är en del av SBAB:s trygga och enkla tjänster för bolån och boendeekonomi. Ansvarig utgivare: Sebastian Wickert. © 2026 Booli Search Technologies AB."
https://www.booli.se/bostad/3373144,1985,,,,,57.73394719,12.13124541,,yes,"6 rum, 154 m² på Vitsordsvägen 6 – Booli Gå till innehåll Sök bostad Värdera Hitta mäklare Mäklarmatchning Sök mäklare Mäklarbyråer Sälja bostad på Booli Skaffa kunskap Ej på marknaden Vitsordsvägen 6 Villa · Partille kommun Boarea 154 m² Biarea 11 m² Rum 6 rum Tomtarea 848 m² Byggår 1985 Ansvarig mäklare Uppgifter från försäljningen 2024-10-31 : Den här villan är en äganderätt Driftskostnaden är 3 750 kr/mån Annons Betalar du onödigt mycket i ränta? Här kan du enkelt kolla om du skulle kunna få en bättre ränta hos SBAB! Jämför din ränta direkt! Karta Vitsordsvägen 6, Partille kommun Laddar... Annons Påverka dina boendekostnader Annons Skaffa mer kunskap Vill du enkelt hålla koll på bostadsmarknaden? Här har vi har samlat artiklar och kunskap – oavsett om du ska köpa, sälja eller bo. Till artiklarna Vill du se fler villor i området? Västra Götalands län Partille kommun Vitsordsvägen Bostadens säljhistorik Försäljningar i närheten Tjänster Bostadssök Bostadsvärdering Kunskap Räntekartan Booli Pro Bannerannonsering För mäklare Sälja bostad Mäklare i Stockholm Mäklare i Göteborg Mäklare i Malmö Alla mäklarbyråer Alla mäklare Mäklararvoden Mäklarmatchning Om oss Om Booli Press Jobba här Kontakt Vanliga frågor Integritet Användarvillkor Integritetspolicy Om GDPR Cookies Cookieinställningar Ladda ned Google Play App Store Booli är en bostadssajt och en mäklarguide där du hittar Sveriges största samlade utbud av bostäder till salu, slutpriser och värderar din bostad. Vi är en del av SBAB:s trygga och enkla tjänster för bolån och boendeekonomi. Ansvarig utgivare: Sebastian Wickert. © 2026 Booli Search Technologies AB."
https://www.booli.se/bostad/3371145,1974,,,,,57.71795679,12.08202497,,yes,"94 m² på Fykelyckan 2 värderas till 5 120 000 kr – Booli Gå till innehåll Sök bostad Värdera Hitta mäklare Mäklarmatchning Sök mäklare Mäklarbyråer Sälja bostad på Booli Skaffa kunskap Ej på marknaden Fykelyckan 2 Radhus · Partille kommun Se Boolis värdering Boarea 94 m² Biarea 0 m² Tomtarea 125 m² Byggår 1974 Ansvarig mäklare Uppgifter från försäljningen 2024-09-20 : Det här radhuset är en äganderätt Annons Betalar du onödigt mycket i ränta? Här kan du enkelt kolla om du skulle kunna få en bättre ränta hos SBAB! Jämför din ränta direkt! Karta Fykelyckan 2, Partille kommun Laddar... Annons Påverka dina boendekostnader Annons Värdering av den här bostaden Våra värderingar är statistiska och bygger på uppgifter om bostaden, prisutvecklingen och jämförbara försäljningar i området. Se vad vi baserar boolis värderingar på Skaffa mer kunskap Vill du enkelt hålla koll på bostadsmarknaden? Här har vi har samlat artiklar och kunskap – oavsett om du ska köpa, sälja eller bo. Till artiklarna Vill du se fler radhus i området? Västra Götalands län Partille kommun Fykelyckan Bostadens säljhistorik Försäljningar i närheten Tjänster Bostadssök Bostadsvärdering Kunskap Räntekartan Booli Pro Bannerannonsering För mäklare Sälja bostad Mäklare i Stockholm Mäklare i Göteborg Mäklare i Malmö Alla mäklarbyråer Alla mäklare Mäklararvoden Mäklarmatchning Om oss Om Booli Press Jobba här Kontakt Vanliga frågor Integritet Användarvillkor Integritetspolicy Om GDPR Cookies Cookieinställningar Ladda ned Google Play App Store Booli är en bostadssajt och en mäklarguide där du hittar Sveriges största samlade utbud av bostäder till salu, slutpriser och värderar din bostad. Vi är en del av SBAB:s trygga och enkla tjänster för bolån och boendeekonomi. Ansvarig utgivare: Sebastian Wickert. © 2026 Booli Search Technologies AB."
https://www.booli.se/bostad/1787148,1936,,,,,57.75015398,12.15406633,,yes,"6 rum, 121 m² på Nedre Östergårdsvägen 6 värderas till 5 830 000 kr – Booli Gå till innehåll Sök bostad Värdera Hitta mäklare Mäklarmatchning Sök mäklare Mäklarbyråer Sälja bostad på Booli Skaffa kunskap Ej på marknaden Nedre Östergårdsvägen 6 Villa · Partille kommun Se Boolis värdering Boarea 121 m² Biarea 19 m² Rum 6 rum Tomtarea 1 025 m² Byggår 1936 Ansvarig mäklare Uppgifter från försäljningen 2024-08-12 : Den här villan är en äganderätt Driftskostnaden är 4 266 kr/mån Annons Betalar du onödigt mycket i ränta? Här kan du enkelt kolla om du skulle kunna få en bättre ränta hos SBAB! Jämför din ränta direkt! Karta Nedre Östergårdsvägen 6, Partille kommun Laddar... Annons Påverka dina boendekostnader Annons Värdering av den här bostaden Våra värderingar är statistiska och bygger på uppgifter om bostaden, prisutvecklingen och jämförbara försäljningar i området. Se vad vi baserar boolis värderingar på Skaffa mer kunskap Vill du enkelt hålla koll på bostadsmarknaden? Här har vi har samlat artiklar och kunskap – oavsett om du ska köpa, sälja eller bo. Till artiklarna Vill du se fler villor i området? Västra Götalands län Partille kommun Nedre Östergårdsvägen Bostadens säljhistorik Försäljningar i närheten Tjänster Bostadssök Bostadsvärdering Kunskap Räntekartan Booli Pro Bannerannonsering För mäklare Sälja bostad Mäklare i Stockholm Mäklare i Göteborg Mäklare i Malmö Alla mäklarbyråer Alla mäklare Mäklararvoden Mäklarmatchning Om oss Om Booli Press Jobba här Kontakt Vanliga frågor Integritet Användarvillkor Integritetspolicy Om GDPR Cookies Cookieinställningar Ladda ned Google Play App Store Booli är en bostadssajt och en mäklarguide där du hittar Sveriges största samlade utbud av bostäder till salu, slutpriser och värderar din bostad. Vi är en del av SBAB:s trygga och enkla tjänster för bolån och boendeekonomi. Ansvarig utgivare: Sebastian Wickert. © 2026 Booli Search Technologies AB."
https://www.booli.se/bostad/1672912,1960,,,,,57.74177051,12.08111408,,yes,"6 rum, 119 m² på Jennyhillsvägen 1C värderas till 4 430 000 kr – Booli Gå till innehåll Sök bostad Värdera Hitta mäklare Mäklarmatchning Sök mäklare Mäklarbyråer Sälja bostad på Booli Skaffa kunskap Ej på marknaden Jennyhillsvägen 1C Radhus · Partille kommun Se Boolis värdering Boarea 119 m² Biarea 2 m² Rum 6 rum Tomtarea 188 m² Byggår 1960 Ansvarig mäklare Uppgifter från försäljningen 2024-06-28 : Det här radhuset är en äganderätt Driftskostnaden är 3 083 kr/mån Annons Betalar du onödigt mycket i ränta? Här kan du enkelt kolla om du skulle kunna få en bättre ränta hos SBAB! Jämför din ränta direkt! Karta Jennyhillsvägen 1C, Partille kommun Laddar... Annons Påverka dina boendekostnader Annons Värdering av den här bostaden Våra värderingar är statistiska och bygger på uppgifter om bostaden, prisutvecklingen och jämförbara försäljningar i området. Se vad vi baserar boolis värderingar på Skaffa mer kunskap Vill du enkelt hålla koll på bostadsmarknaden? Här har vi har samlat artiklar och kunskap – oavsett om du ska köpa, sälja eller bo. Till artiklarna Vill du se fler radhus i området? Västra Götalands län Partille kommun Jennyhillsvägen Bostadens säljhistorik Försäljningar i närheten Tjänster Bostadssök Bostadsvärdering Kunskap Räntekartan Booli Pro Bannerannonsering För mäklare Sälja bostad Mäklare i Stockholm Mäklare i Göteborg Mäklare i Malmö Alla mäklarbyråer Alla mäklare Mäklararvoden Mäklarmatchning Om oss Om Booli Press Jobba här Kontakt Vanliga frågor Integritet Användarvillkor Integritetspolicy Om GDPR Cookies Cookieinställningar Ladda ned Google Play App Store Booli är en bostadssajt och en mäklarguide där du hittar Sveriges största samlade utbud av bostäder till salu, slutpriser och värderar din bostad. Vi är en del av SBAB:s trygga och enkla tjänster för bolån och boendeekonomi. Ansvarig utgivare: Sebastian Wickert. © 2026 Booli Search Technologies AB."
https://www.booli.se/bostad/3383564,1937,,,,,57.72697449,12.07581997,,yes,"146 m² på Torsvägen 12 värderas till 8 590 000 kr – Booli Gå till innehåll Sök bostad Värdera Hitta mäklare Mäklarmatchning Sök mäklare Mäklarbyråer Sälja bostad på Booli Skaffa kunskap Ej på marknaden Torsvägen 12 Villa · Partille kommun Se Boolis värdering Boarea 146 m² Biarea 94 m² Tomtarea 792 m² Byggår 1937 Ansvarig mäklare Uppgifter från försäljningen 2024-05-28 : Den här villan är en äganderätt Annons Betalar du onödigt mycket i ränta? Här kan du enkelt kolla om du skulle kunna få en bättre ränta hos SBAB! Jämför din ränta direkt! Karta Torsvägen 12, Partille kommun Laddar... Annons Påverka dina boendekostnader Annons Värdering av den här bostaden Våra värderingar är statistiska och bygger på uppgifter om bostaden, prisutvecklingen och jämförbara försäljningar i området. Se vad vi baserar boolis värderingar på Skaffa mer kunskap Vill du enkelt hålla koll på bostadsmarknaden? Här har vi har samlat artiklar och kunskap – oavsett om du ska köpa, sälja eller bo. Till artiklarna Vill du se fler villor i området? Västra Götalands län Partille kommun Torsvägen Bostadens säljhistorik Försäljningar i närheten Tjänster Bostadssök Bostadsvärdering Kunskap Räntekartan Booli Pro Bannerannonsering För mäklare Sälja bostad Mäklare i Stockholm Mäklare i Göteborg Mäklare i Malmö Alla mäklarbyråer Alla mäklare Mäklararvoden Mäklarmatchning Om oss Om Booli Press Jobba här Kontakt Vanliga frågor Integritet Användarvillkor Integritetspolicy Om GDPR Cookies Cookieinställningar Ladda ned Google Play App Store Booli är en bostadssajt och en mäklarguide där du hittar Sveriges största samlade utbud av bostäder till salu, slutpriser och värderar din bostad. Vi är en del av SBAB:s trygga och enkla tjänster för bolån och boendeekonomi. Ansvarig utgivare: Sebastian Wickert. © 2026 Booli Search Technologies AB."
https://www.booli.se/bostad/3373913,1979,,,,,57.72364601,12.12720664,,yes,"6 rum, 144 m² på Skogsduvevägen 14 värderas till 5 060 000 kr – Booli Gå till innehåll Sök bostad Värdera Hitta mäklare Mäklarmatchning Sök mäklare Mäklarbyråer Sälja bostad på Booli Skaffa kunskap Ej på marknaden Skogsduvevägen 14 Radhus · Partille kommun Se Boolis värdering Boarea 144 m² Biarea 0 m² Rum 6 rum Tomtarea 269 m² Byggår 1979 Ansvarig mäklare Uppgifter från försäljningen 2024-03-28 : Det här radhuset är en äganderätt Driftskostnaden är 3 367 kr/mån Annons Betalar du onödigt mycket i ränta? Här kan du enkelt kolla om du skulle kunna få en bättre ränta hos SBAB! Jämför din ränta direkt! Karta Skogsduvevägen 14, Partille kommun Laddar... Annons Påverka dina boendekostnader Annons Värdering av den här bostaden Våra värderingar är statistiska och bygger på uppgifter om bostaden, prisutvecklingen och jämförbara försäljningar i området. Se vad vi baserar boolis värderingar på Skaffa mer kunskap Vill du enkelt hålla koll på bostadsmarknaden? Här har vi har samlat artiklar och kunskap – oavsett om du ska köpa, sälja eller bo. Till artiklarna Vill du se fler radhus i området? Västra Götalands län Partille kommun Skogsduvevägen Bostadens säljhistorik Försäljningar i närheten Tjänster Bostadssök Bostadsvärdering Kunskap Räntekartan Booli Pro Bannerannonsering För mäklare Sälja bostad Mäklare i Stockholm Mäklare i Göteborg Mäklare i Malmö Alla mäklarbyråer Alla mäklare Mäklararvoden Mäklarmatchning Om oss Om Booli Press Jobba här Kontakt Vanliga frågor Integritet Användarvillkor Integritetspolicy Om GDPR Cookies Cookieinställningar Ladda ned Google Play App Store Booli är en bostadssajt och en mäklarguide där du hittar Sveriges största samlade utbud av bostäder till salu, slutpriser och värderar din bostad. Vi är en del av SBAB:s trygga och enkla tjänster för bolån och boendeekonomi. Ansvarig utgivare: Sebastian Wickert. © 2026 Booli Search Technologies AB."
https://www.booli.se/bostad/3370764,1979,,,,,57.73366966,12.11192777,,yes,"5 rum, 163 m² på Mellandammsvägen 5 värderas till 5 660 000 kr – Booli Gå till innehåll Sök bostad Värdera Hitta mäklare Mäklarmatchning Sök mäklare Mäklarbyråer Sälja bostad på Booli Skaffa kunskap Ej på marknaden Mellandammsvägen 5 Villa · Partille kommun Se Boolis värdering Boarea 163 m² Biarea 0 m² Rum 5 rum Tomtarea 1 159 m² Byggår 1979 Ansvarig mäklare Uppgifter från försäljningen 2024-02-09 : Den här villan är en äganderätt Driftskostnaden är 4 210 kr/mån Annons Betalar du onödigt mycket i ränta? Här kan du enkelt kolla om du skulle kunna få en bättre ränta hos SBAB! Jämför din ränta direkt! Karta Mellandammsvägen 5, Partille kommun Laddar... Annons Påverka dina boendekostnader Annons Värdering av den här bostaden Våra värderingar är statistiska och bygger på uppgifter om bostaden, prisutvecklingen och jämförbara försäljningar i området. Se vad vi baserar boolis värderingar på Skaffa mer kunskap Vill du enkelt hålla koll på bostadsmarknaden? Här har vi har samlat artiklar och kunskap – oavsett om du ska köpa, sälja eller bo. Till artiklarna Vill du se fler villor i området? Västra Götalands län Partille kommun Mellandammsvägen Bostadens säljhistorik Försäljningar i närheten Tjänster Bostadssök Bostadsvärdering Kunskap Räntekartan Booli Pro Bannerannonsering För mäklare Sälja bostad Mäklare i Stockholm Mäklare i Göteborg Mäklare i Malmö Alla mäklarbyråer Alla mäklare Mäklararvoden Mäklarmatchning Om oss Om Booli Press Jobba här Kontakt Vanliga frågor Integritet Användarvillkor Integritetspolicy Om GDPR Cookies Cookieinställningar Ladda ned Google Play App Store Booli är en bostadssajt och en mäklarguide där du hittar Sveriges största samlade utbud av bostäder till salu, slutpriser och värderar din bostad. Vi är en del av SBAB:s trygga och enkla tjänster för bolån och boendeekonomi. Ansvarig utgivare: Sebastian Wickert. © 2026 Booli Search Technologies AB."
https://www.booli.se/bostad/3374646,1981,,,,,57.73072504,12.12074796,,yes,"4 rum, 110 m² på Skuleberget 34 värderas till 4 140 000 kr – Booli Gå till innehåll Sök bostad Värdera Hitta mäklare Mäklarmatchning Sök mäklare Mäklarbyråer Sälja bostad på Booli Skaffa kunskap Ej på marknaden Skuleberget 34 Kedjehus · Partille kommun Se Boolis värdering Boarea 110 m² Biarea 7 m² Rum 4 rum Tomtarea 201 m² Byggår 1981 Ansvarig mäklare Uppgifter från försäljningen 2023-12-08 : Det här kedjehuset är en äganderätt Driftskostnaden är 2 158 kr/mån Annons Betalar du onödigt mycket i ränta? Här kan du enkelt kolla om du skulle kunna få en bättre ränta hos SBAB! Jämför din ränta direkt! Karta Skuleberget 34, Partille kommun Laddar... Annons Påverka dina boendekostnader Annons Värdering av den här bostaden Våra värderingar är statistiska och bygger på uppgifter om bostaden, prisutvecklingen och jämförbara försäljningar i området. Se vad vi baserar boolis värderingar på Skaffa mer kunskap Vill du enkelt hålla koll på bostadsmarknaden? Här har vi har samlat artiklar och kunskap – oavsett om du ska köpa, sälja eller bo. Till artiklarna Vill du se fler kedjehus i området? Västra Götalands län Partille kommun Skuleberget Bostadens säljhistorik Försäljningar i närheten Tjänster Bostadssök Bostadsvärdering Kunskap Räntekartan Booli Pro Bannerannonsering För mäklare Sälja bostad Mäklare i Stockholm Mäklare i Göteborg Mäklare i Malmö Alla mäklarbyråer Alla mäklare Mäklararvoden Mäklarmatchning Om oss Om Booli Press Jobba här Kontakt Vanliga frågor Integritet Användarvillkor Integritetspolicy Om GDPR Cookies Cookieinställningar Ladda ned Google Play App Store Booli är en bostadssajt och en mäklarguide där du hittar Sveriges största samlade utbud av bostäder till salu, slutpriser och värderar din bostad. Vi är en del av SBAB:s trygga och enkla tjänster för bolån och boendeekonomi. Ansvarig utgivare: Sebastian Wickert. © 2026 Booli Search Technologies AB."
https://www.booli.se/bostad/1771488,1967,,,,,57.721863,12.095165,,yes,"6 rum, 119 m² på Minkvägen 5 värderas till 7 520 000 kr – Booli Gå till innehåll Sök bostad Värdera Hitta mäklare Mäklarmatchning Sök mäklare Mäklarbyråer Sälja bostad på Booli Skaffa kunskap Ej på marknaden Minkvägen 5 Villa · Partille kommun Se Boolis värdering Boarea 119 m² Biarea 98 m² Rum 6 rum Tomtarea 871 m² Byggår 1967 Ansvarig mäklare Uppgifter från försäljningen 2023-10-02 : Den här villan är en äganderätt Driftskostnaden är 3 667 kr/mån Annons Betalar du onödigt mycket i ränta? Här kan du enkelt kolla om du skulle kunna få en bättre ränta hos SBAB! Jämför din ränta direkt! Karta Minkvägen 5, Partille kommun Laddar... Annons Påverka dina boendekostnader Annons Värdering av den här bostaden Våra värderingar är statistiska och bygger på uppgifter om bostaden, prisutvecklingen och jämförbara försäljningar i området. Se vad vi baserar boolis värderingar på Skaffa mer kunskap Vill du enkelt hålla koll på bostadsmarknaden? Här har vi har samlat artiklar och kunskap – oavsett om du ska köpa, sälja eller bo. Till artiklarna Vill du se fler villor i området? Västra Götalands län Partille kommun Minkvägen Bostadens säljhistorik Försäljningar i närheten Tjänster Bostadssök Bostadsvärdering Kunskap Räntekartan Booli Pro Bannerannonsering För mäklare Sälja bostad Mäklare i Stockholm Mäklare i Göteborg Mäklare i Malmö Alla mäklarbyråer Alla mäklare Mäklararvoden Mäklarmatchning Om oss Om Booli Press Jobba här Kontakt Vanliga frågor Integritet Användarvillkor Integritetspolicy Om GDPR Cookies Cookieinställningar Ladda ned Google Play App Store Booli är en bostadssajt och en mäklarguide där du hittar Sveriges största samlade utbud av bostäder till salu, slutpriser och värderar din bostad. Vi är en del av SBAB:s trygga och enkla tjänster för bolån och boendeekonomi. Ansvarig utgivare: Sebastian Wickert. © 2026 Booli Search Technologies AB."
https://www.booli.se/bostad/2952239,1992,,,,,57.704152,12.145456,,yes,"4 rum, 104 m² på Storegården 127 värderas till 4 500 000 kr – Booli Gå till innehåll Sök bostad Värdera Hitta mäklare Mäklarmatchning Sök mäklare Mäklarbyråer Sälja bostad på Booli Skaffa kunskap Ej på marknaden Storegården 127 Kedjehus · Partille kommun Se Boolis värdering Boarea 104 m² Biarea 0 m² Rum 4 rum Tomtarea 233 m² Byggår 1992 Ansvarig mäklare Uppgifter från försäljningen 2023-08-15 : Det här kedjehuset är en äganderätt Driftskostnaden är 3 607 kr/mån Annons Betalar du onödigt mycket i ränta? Här kan du enkelt kolla om du skulle kunna få en bättre ränta hos SBAB! Jämför din ränta direkt! Karta Storegården 127, Partille kommun Laddar... Annons Påverka dina boendekostnader Annons Värdering av den här bostaden Våra värderingar är statistiska och bygger på uppgifter om bostaden, prisutvecklingen och jämförbara försäljningar i området. Se vad vi baserar boolis värderingar på Skaffa mer kunskap Vill du enkelt hålla koll på bostadsmarknaden? Här har vi har samlat artiklar och kunskap – oavsett om du ska köpa, sälja eller bo. Till artiklarna Vill du se fler kedjehus i området? Västra Götalands län Partille kommun Storegården Bostadens säljhistorik Försäljningar i närheten Tjänster Bostadssök Bostadsvärdering Kunskap Räntekartan Booli Pro Bannerannonsering För mäklare Sälja bostad Mäklare i Stockholm Mäklare i Göteborg Mäklare i Malmö Alla mäklarbyråer Alla mäklare Mäklararvoden Mäklarmatchning Om oss Om Booli Press Jobba här Kontakt Vanliga frågor Integritet Användarvillkor Integritetspolicy Om GDPR Cookies Cookieinställningar Ladda ned Google Play App Store Booli är en bostadssajt och en mäklarguide där du hittar Sveriges största samlade utbud av bostäder till salu, slutpriser och värderar din bostad. Vi är en del av SBAB:s trygga och enkla tjänster för bolån och boendeekonomi. Ansvarig utgivare: Sebastian Wickert. © 2026 Booli Search Technologies AB."
https://www.booli.se/bostad/3774564,1998,,,,,57.701207,12.147585,,yes,"3 rum, 75 m² på Hytterkullen 40 värderas till 3 590 000 kr – Booli Gå till innehåll Sök bostad Värdera Hitta mäklare Mäklarmatchning Sök mäklare Mäklarbyråer Sälja bostad på Booli Skaffa kunskap Ej på marknaden Hytterkullen 40 Kedjehus · Partille kommun Se Boolis värdering Boarea 75 m² Biarea 0 m² Rum 3 rum Tomtarea 189 m² Byggår 1998 Ansvarig mäklare Uppgifter från försäljningen 2023-06-22 : Det här kedjehuset är en äganderätt Driftskostnaden är 3 366 kr/mån Annons Betalar du onödigt mycket i ränta? Här kan du enkelt kolla om du skulle kunna få en bättre ränta hos SBAB! Jämför din ränta direkt! Karta Hytterkullen 40, Partille kommun Laddar... Annons Påverka dina boendekostnader Annons Värdering av den här bostaden Våra värderingar är statistiska och bygger på uppgifter om bostaden, prisutvecklingen och jämförbara försäljningar i området. Se vad vi baserar boolis värderingar på Skaffa mer kunskap Vill du enkelt hålla koll på bostadsmarknaden? Här har vi har samlat artiklar och kunskap – oavsett om du ska köpa, sälja eller bo. Till artiklarna Vill du se fler kedjehus i området? Västra Götalands län Partille kommun Hytterkullen Bostadens säljhistorik Försäljningar i närheten Tjänster Bostadssök Bostadsvärdering Kunskap Räntekartan Booli Pro Bannerannonsering För mäklare Sälja bostad Mäklare i Stockholm Mäklare i Göteborg Mäklare i Malmö Alla mäklarbyråer Alla mäklare Mäklararvoden Mäklarmatchning Om oss Om Booli Press Jobba här Kontakt Vanliga frågor Integritet Användarvillkor Integritetspolicy Om GDPR Cookies Cookieinställningar Ladda ned Google Play App Store Booli är en bostadssajt och en mäklarguide där du hittar Sveriges största samlade utbud av bostäder till salu, slutpriser och värderar din bostad. Vi är en del av SBAB:s trygga och enkla tjänster för bolån och boendeekonomi. Ansvarig utgivare: Sebastian Wickert. © 2026 Booli Search Technologies AB."
https://www.booli.se/bostad/3386072,1986,,,,,57.703857,12.137555,,yes,"4 rum, 116 m² på Rådjursstigen 16A värderas till 7 190 000 kr – Booli Gå till innehåll Sök bostad Värdera Hitta mäklare Mäklarmatchning Sök mäklare Mäklarbyråer Sälja bostad på Booli Skaffa kunskap Ej på marknaden Rådjursstigen 16A Villa · Partille kommun Se Boolis värdering Boarea 116 m² Biarea 20 m² Rum 4 rum Tomtarea 832 m² Byggår 1986 Ansvarig mäklare Uppgifter från försäljningen 2023-05-05 : Den här villan är en äganderätt Driftskostnaden är 2 977 kr/mån Annons Betalar du onödigt mycket i ränta? Här kan du enkelt kolla om du skulle kunna få en bättre ränta hos SBAB! Jämför din ränta direkt! Karta Rådjursstigen 16A, Partille kommun Laddar... Annons Påverka dina boendekostnader Annons Värdering av den här bostaden Våra värderingar är statistiska och bygger på uppgifter om bostaden, prisutvecklingen och jämförbara försäljningar i området. Se vad vi baserar boolis värderingar på Skaffa mer kunskap Vill du enkelt hålla koll på bostadsmarknaden? Här har vi har samlat artiklar och kunskap – oavsett om du ska köpa, sälja eller bo. Till artiklarna Vill du se fler villor i området? Västra Götalands län Partille kommun Rådjursstigen Bostadens säljhistorik Försäljningar i närheten Tjänster Bostadssök Bostadsvärdering Kunskap Räntekartan Booli Pro Bannerannonsering För mäklare Sälja bostad Mäklare i Stockholm Mäklare i Göteborg Mäklare i Malmö Alla mäklarbyråer Alla mäklare Mäklararvoden Mäklarmatchning Om oss Om Booli Press Jobba här Kontakt Vanliga frågor Integritet Användarvillkor Integritetspolicy Om GDPR Cookies Cookieinställningar Ladda ned Google Play App Store Booli är en bostadssajt och en mäklarguide där du hittar Sveriges största samlade utbud av bostäder till salu, slutpriser och värderar din bostad. Vi är en del av SBAB:s trygga och enkla tjänster för bolån och boendeekonomi. Ansvarig utgivare: Sebastian Wickert. © 2026 Booli Search Technologies AB."
https://www.booli.se/bostad/1646323,1959,,,,,57.744018,12.114867,,yes,"4 rum, 107 m² på Holkedalsvägen 21 värderas till 3 550 000 kr – Booli Gå till innehåll Sök bostad Värdera Hitta mäklare Mäklarmatchning Sök mäklare Mäklarbyråer Sälja bostad på Booli Skaffa kunskap Ej på marknaden Holkedalsvägen 21 Radhus · Partille kommun Se Boolis värdering Boarea 107 m² Biarea 0 m² Rum 4 rum Tomtarea 150 m² Byggår 1959 Ansvarig mäklare Uppgifter från försäljningen 2023-03-07 : Det här radhuset är en äganderätt Driftskostnaden är 3 480 kr/mån Annons Betalar du onödigt mycket i ränta? Här kan du enkelt kolla om du skulle kunna få en bättre ränta hos SBAB! Jämför din ränta direkt! Karta Holkedalsvägen 21, Partille kommun Laddar... Annons Påverka dina boendekostnader Annons Värdering av den här bostaden Våra värderingar är statistiska och bygger på uppgifter om bostaden, prisutvecklingen och jämförbara försäljningar i området. Se vad vi baserar boolis värderingar på Skaffa mer kunskap Vill du enkelt hålla koll på bostadsmarknaden? Här har vi har samlat artiklar och kunskap – oavsett om du ska köpa, sälja eller bo. Till artiklarna Vill du se fler radhus i området? Västra Götalands län Partille kommun Holkedalsvägen Bostadens säljhistorik Försäljningar i närheten Tjänster Bostadssök Bostadsvärdering Kunskap Räntekartan Booli Pro Bannerannonsering För mäklare Sälja bostad Mäklare i Stockholm Mäklare i Göteborg Mäklare i Malmö Alla mäklarbyråer Alla mäklare Mäklararvoden Mäklarmatchning Om oss Om Booli Press Jobba här Kontakt Vanliga frågor Integritet Användarvillkor Integritetspolicy Om GDPR Cookies Cookieinställningar Ladda ned Google Play App Store Booli är en bostadssajt och en mäklarguide där du hittar Sveriges största samlade utbud av bostäder till salu, slutpriser och värderar din bostad. Vi är en del av SBAB:s trygga och enkla tjänster för bolån och boendeekonomi. Ansvarig utgivare: Sebastian Wickert. © 2026 Booli Search Technologies AB."
https://www.booli.se/bostad/2159523,1980,,,,,57.731088,12.087906,,yes,"115 m² på Korsängen 63 värderas till 5 900 000 kr – Booli Gå till innehåll Sök bostad Värdera Hitta mäklare Mäklarmatchning Sök mäklare Mäklarbyråer Sälja bostad på Booli Skaffa kunskap Ej på marknaden Korsängen 63 Radhus · Partille kommun Se Boolis värdering Boarea 115 m² Biarea 28 m² Tomtarea 129 m² Byggår 1980 Ansvarig mäklare Uppgifter från försäljningen 2023-01-20 : Det här radhuset är en äganderätt Annons Betalar du onödigt mycket i ränta? Här kan du enkelt kolla om du skulle kunna få en bättre ränta hos SBAB! Jämför din ränta direkt! Karta Korsängen 63, Partille kommun Laddar... Annons Påverka dina boendekostnader Annons Värdering av den här bostaden Våra värderingar är statistiska och bygger på uppgifter om bostaden, prisutvecklingen och jämförbara försäljningar i området. Se vad vi baserar boolis värderingar på Skaffa mer kunskap Vill du enkelt hålla koll på bostadsmarknaden? Här har vi har samlat artiklar och kunskap – oavsett om du ska köpa, sälja eller bo. Till artiklarna Vill du se fler radhus i området? Västra Götalands län Partille kommun Korsängen Bostadens säljhistorik Försäljningar i närheten Tjänster Bostadssök Bostadsvärdering Kunskap Räntekartan Booli Pro Bannerannonsering För mäklare Sälja bostad Mäklare i Stockholm Mäklare i Göteborg Mäklare i Malmö Alla mäklarbyråer Alla mäklare Mäklararvoden Mäklarmatchning Om oss Om Booli Press Jobba här Kontakt Vanliga frågor Integritet Användarvillkor Integritetspolicy Om GDPR Cookies Cookieinställningar Ladda ned Google Play App Store Booli är en bostadssajt och en mäklarguide där du hittar Sveriges största samlade utbud av bostäder till salu, slutpriser och värderar din bostad. Vi är en del av SBAB:s trygga och enkla tjänster för bolån och boendeekonomi. Ansvarig utgivare: Sebastian Wickert. © 2026 Booli Search Technologies AB."
